Rego	Make	Model	Year
WLY-077	Lincoln	Navigator	2012
MDB-223	Suzuki	Vitara	2000
KBX-819	Ford	Econoline E250	1994
YVK-171	Acura	RL	2006
XRS-960	Ford	F150	2000
XZK-219	Suzuki	Kizashi	2010
XRD-724	Suzuki	Sidekick	1991
FMT-412	Infiniti	FX	2007
ILD-313	Ford	Escape	2012
EET-979	Suzuki	Aerio	2006
CCK-391	Dodge	Charger	2008
AFB-585	Toyota	Paseo	1995
MFQ-076	Honda	del Sol	1994
LRW-089	Oldsmobile	Cutlass	1997
RPG-340	Kia	Sephia	1995
PTN-352	Infiniti	G37	2008
TKI-613	Hummer	H2 SUV	2006
NOU-183	Honda	Fit	2008
BAS-894	Toyota	T100 Xtra	1997
BLY-963	BMW	X6 M	2011
URQ-041	Chevrolet	Astro	2005
BEJ-237	Mitsubishi	RVR	1994
ORI-165	Isuzu	Trooper	1994
OUR-982	Chevrolet	1500	1998
FBD-705	Toyota	Ipsum	2000
NXB-355	Lincoln	MKX	2012
NPF-303	Honda	Odyssey	2007
SVW-942	GMC	Envoy XL	2004
CKA-406	BMW	X6	2012
VRO-130	Austin	Mini Cooper	1964
ZMK-479	Volkswagen	Eurovan	1997
CDQ-712	Audi	Q7	2009
CZN-165	Mercury	Marquis	1984
EIK-224	Hyundai	Accent	2005
CKC-616	Mitsubishi	Pajero	1991
WKJ-025	Ford	Tempo	1986
ZIG-551	Buick	Lucerne	2007
FHS-922	Chevrolet	Express 3500	1999
VIK-994	Audi	S5	2009
AEQ-534	Audi	S4	2010
IXG-039	Volvo	V40	2000
UUV-621	Dodge	Ram 50	1992
IJX-908	Lincoln	Continental	1997
QBQ-664	Mazda	Tribute	2003
GXK-761	Dodge	Viper	2008
ETT-576	GMC	Savana 3500	2009
BQS-505	Lexus	LS	2010
NIK-718	Chevrolet	Suburban 1500	1995
BTB-426	Pontiac	Grand Prix	1996
SPF-712	Volkswagen	rio	1995
RQE-908	Cadillac	Escalade EXT	2009
CXT-925	Maserati	Quattroporte	1986
ZJD-293	Buick	LeSabre	2002
ZXS-366	Jaguar	XJ Series	1993
YTY-936	Chevrolet	Uplander	2005
XUD-938	Ford	Mustang	1996
XQP-698	Mercury	Grand Marquis	1999
VBH-741	Dodge	D250 Club	1992
GGV-708	Daewoo	Leganza	2001
PRY-199	Subaru	B9 Tribeca	2007
SHG-640	Suzuki	Grand Vitara	2008
CYW-119	BMW	3 Series	2001
YJY-907	Subaru	Justy	1987
PJN-783	Lexus	LX	2008
SHB-796	Jaguar	S-Type	2000
UBF-977	Dodge	Ram Van B250	1994
VOJ-634	Volkswagen	Type 2	1991
VJI-382	Ford	Econoline E150	1996
BUV-370	Volvo	XC90	2012
WFJ-240	Ford	Mustang	1988
ZLU-082	GMC	1500 Club Coupe	1999
CNG-315	Volkswagen	Tiguan	2011
WGC-748	Mazda	B-Series Plus	2002
EEN-812	Mazda	B-Series	2004
COT-119	GMC	Sierra 3500	2011
PGW-642	Mercury	Tracer	1997
NSE-535	Audi	A8	2003
FDK-883	BMW	M3	2012
ODG-199	Mercedes-Benz	SLK55 AMG	2009
USV-578	Mitsubishi	Lancer	2006
BRA-658	Oldsmobile	88	1998
YMX-863	Acura	NSX	1996
OET-231	Lincoln	Mark LT	2007
AGO-060	Kia	Optima	2010
SRH-149	Dodge	Caravan	2004
BLZ-621	Chevrolet	Lumina	1996
ETY-273	Land Rover	Defender	1994
UQI-105	Subaru	Alcyone SVX	1997
NRN-358	Subaru	Alcyone SVX	1997
JGL-446	Chevrolet	Express 3500	2009
TAM-271	Mercedes-Benz	E-Class	2003
JOQ-720	Toyota	4Runner	1996
KYT-825	Suzuki	Grand Vitara	2007
AWP-493	Saturn	S-Series	1993
LWF-389	Jaguar	XJ	2012
YUF-888	Ford	Escort	2004
TJI-539	Lexus	RX	2013
QWV-071	Cadillac	DeVille	2004
DQJ-523	Acura	NSX	2001
EWH-882	Mitsubishi	Truck	1995
EDN-362	Volkswagen	rio	2001
FOY-653	Oldsmobile	Aurora	1999
SVN-473	Jeep	Commander	2009
IWF-386	Lamborghini	Aventador	2012
ZQA-039	Mercedes-Benz	C-Class	1996
NKY-070	Cadillac	XLR-V	2006
ALM-140	Mazda	MX-6	1990
YNX-677	Mazda	Mazdaspeed 3	2008
KYF-187	Toyota	Previa	1993
JMK-124	Toyota	Tacoma	2000
SDR-197	Plymouth	Prowler	1997
UBN-088	Toyota	Tacoma	2011
ECE-901	Toyota	Tundra	2007
FCJ-905	GMC	Vandura G1500	1995
PSW-590	Ford	Econoline E350	1999
YPE-453	Audi	TT	2004
HDN-198	Pontiac	Fiero	1984
UME-266	Mitsubishi	Chariot	1987
YUD-020	Mercedes-Benz	GL-Class	2010
NOX-894	Buick	Skylark	1998
UUP-605	Mercedes-Benz	GL-Class	2010
AQW-063	Mazda	Millenia	1995
WCZ-979	Isuzu	Hombre	1998
MBM-249	Chevrolet	Lumina	1999
HZR-934	Ford	E150	2006
HSL-021	Pontiac	6000	1984
EEZ-084	Porsche	928	1995
QBM-093	Subaru	Forester	2009
QCO-979	Honda	Fit	2008
VYS-582	GMC	Sierra	2012
DSF-546	Ford	E-Series	1990
BFK-695	Ford	Taurus	2004
XVW-089	Infiniti	QX	1998
QJO-762	MG	MGB	1977
GOK-782	Maserati	GranTurismo	2012
OYZ-732	Land Rover	Range Rover	1992
MYY-260	Lincoln	Continental Mark VII	1989
RZX-690	Chrysler	Sebring	2000
MKU-437	Maserati	Quattroporte	2008
GZO-628	Land Rover	Range Rover Sport	2007
WFO-263	Lexus	LX	2006
EZZ-547	Mazda	Tribute	2008
YDY-847	Honda	Element	2010
ICL-086	Lexus	IS	2006
IAQ-159	Acura	NSX	1999
FJX-549	Pontiac	Sunbird	1988
ZFW-693	Mitsubishi	Eclipse	1997
XBR-198	Mercury	Topaz	1987
VYI-792	Toyota	Corolla	2011
ZKE-822	Dodge	Intrepid	1997
OMA-390	Kia	Sorento	2009
MQY-465	Lincoln	Navigator L	2011
APQ-829	Mazda	Navajo	1993
DGR-040	Audi	riolet	1994
RSM-952	Volkswagen	Touareg	2006
KTA-647	Hummer	H1	2004
BOP-448	Chevrolet	Avalanche 2500	2003
WNB-279	Pontiac	Bonneville	1989
KMB-473	GMC	Terrain	2010
WGI-379	GMC	Savana 3500	1996
AVH-863	Chevrolet	Tahoe	2003
NRB-354	Mercury	Topaz	1984
CHA-382	Lotus	Elise	2011
SWA-605	Chevrolet	Sportvan G30	1992
PQP-288	Cadillac	Escalade	2012
VXY-797	Honda	Odyssey	1999
MRU-871	Mazda	Millenia	1997
NQV-458	Mazda	Miata MX-5	1999
IHV-562	Chevrolet	Equinox	2007
DMP-220	Chevrolet	Traverse	2009
RYF-015	Lotus	Esprit Turbo	1984
UTB-901	Mercedes-Benz	SL-Class	2005
RUA-994	Honda	Civic	2004
NGU-494	Oldsmobile	Achieva	1992
HZK-556	Lexus	ES	2003
SRR-393	Subaru	Forester	2007
PNZ-553	Ford	Expedition EL	2011
ZBM-481	Lamborghini	Murciélago	2007
PME-029	Dodge	D150	1992
TVC-457	Spyker	C8 Spyder Wide Body	2004
ZBT-935	Jeep	Wrangler	1995
GND-562	Saab	9-7X	2005
XGM-113	Ford	Edge	2012
LDQ-247	Dodge	Ram Wagon B250	1994
QTH-971	Volvo	C70	2011
NVD-182	Isuzu	Hombre	1997
GOK-084	Toyota	Sienna	2010
LUQ-693	Toyota	4Runner	2001
ZTR-990	Maserati	GranTurismo	2012
JTY-824	Toyota	Sienna	2009
SUX-356	Cadillac	Escalade EXT	2005
MAK-123	Volkswagen	Touareg	2005
NND-855	Dodge	Neon	2004
VYL-574	Mercury	Grand Marquis	2007
LOC-400	Kia	Optima	2008
RFX-208	Mitsubishi	Pajero	2005
BWF-684	Volkswagen	Passat	1990
GZY-442	Isuzu	Space	1992
YDC-518	Ford	Bronco	1984
MYD-928	Chevrolet	G-Series G30	1995
VGQ-001	Suzuki	XL-7	2001
NCI-968	Volkswagen	Beetle	1967
ZXZ-306	Toyota	Prius v	2012
VOP-191	Mazda	B-Series	1997
YUU-335	Volkswagen	riolet	1993
RSV-191	Hyundai	Tucson	2006
MXT-350	BMW	Z4	2009
FNT-374	Ford	Ranger	1985
XEW-858	Chevrolet	Equinox	2012
EAR-681	Austin	Mini Cooper S	1963
AEB-838	Audi	A4	2004
EIV-552	Ford	F-Series Super Duty	2010
WIR-583	Hummer	H1	1994
PAD-212	Toyota	4Runner	2007
KQN-478	Mercedes-Benz	S-Class	1997
HZI-937	Oldsmobile	Custom Cruiser	1992
IJC-352	Mazda	RX-8	2005
EYH-401	BMW	5 Series	2007
HCC-858	Dodge	Dakota Club	2001
HIK-621	Ford	Bronco II	1985
IBD-661	Saturn	VUE	2004
PQL-435	Mercedes-Benz	SLK-Class	1999
MUF-460	GMC	Rally Wagon G3500	1995
FWK-865	Ford	F-Series	2004
ZVE-354	GMC	Envoy	2004
PTP-009	Lincoln	LS	2004
NUC-707	Ford	F-Series	2009
OQR-182	Honda	Pilot	2012
SYE-651	Oldsmobile	Cutlass Supreme	1992
QPX-238	Volkswagen	Touareg	2011
NFF-585	MINI	Cooper	2012
KXS-971	Pontiac	Grand Prix	2000
HXM-704	Hyundai	Veracruz	2012
HLU-820	Nissan	Altima	2009
RTI-825	Kia	Rio	2004
JLY-868	Chevrolet	2500	1993
CPF-044	Buick	Regal	1987
CLP-256	Ford	Tempo	1987
JXX-395	Volkswagen	Golf	1985
JZV-945	Toyota	Highlander	2009
ZHX-247	Suzuki	Kizashi	2010
VYF-754	Mitsubishi	Challenger	1997
IPH-628	Chevrolet	Camaro	2010
MPN-358	Toyota	Corolla	2009
EOM-656	Jeep	Patriot	2011
TVJ-460	Hummer	H1	2000
GZI-369	Volkswagen	Jetta	1993
VGK-254	Lexus	IS	2002
FMV-397	Ford	Explorer	2004
HRP-738	Cadillac	XLR	2006
PCA-053	Mazda	MX-3	1995
IPH-965	Toyota	T100	1997
HRG-450	Studebaker	Avanti	1964
HZN-386	Saturn	S-Series	1998
DQK-673	GMC	1500	1995
UEJ-409	Ford	Aerostar	1990
VTE-935	Dodge	Charger	2006
TDS-523	Mazda	CX-9	2008
MTU-875	Volvo	XC70	2012
GWJ-110	Toyota	Tacoma	2006
PFG-059	Mitsubishi	Pajero	1999
BXF-373	Suzuki	Samurai	1994
YFN-828	Dodge	Ram 3500	1994
UEP-909	Acura	TL	2000
DCA-213	Oldsmobile	Silhouette	2001
PTB-126	Saab	900	1987
ZUU-824	Chevrolet	Suburban 2500	2011
XAY-305	Lexus	RX Hybrid	2006
VSJ-055	Acura	RL	2005
KWM-448	Mercury	Topaz	1987
QAD-470	Audi	A4	2008
JOV-985	Honda	Passport	1994
SNK-331	Ford	Focus	2006
CZB-971	Suzuki	Swift	1990
ACJ-240	Jeep	Wrangler	2005
LBR-446	Ford	Excursion	2003
QVL-544	Toyota	Supra	1993
HEJ-809	Cadillac	Escalade EXT	2008
ALL-878	Plymouth	Neon	1999
UBX-769	Oldsmobile	98	1995
GKC-508	Kia	Rio	2002
DAX-045	Chevrolet	Cobalt	2009
QNI-954	GMC	Safari	2002
XMC-539	Honda	Accord	2003
HEF-839	Hyundai	Tiburon	2005
WLD-362	Pontiac	Grand Am	2001
QCH-976	Chevrolet	Silverado 2500	2000
WJA-296	Toyota	Xtra	1993
RBR-465	Honda	Accord	1996
VDL-665	Mazda	RX-7	1991
ZXZ-512	Honda	CR-Z	2012
QER-251	Scion	tC	2013
LRM-234	Dodge	Grand Caravan	2002
ZWV-726	Peugeot	207	2006
HDM-337	GMC	Savana 1500	2001
VSK-767	Chevrolet	Suburban 1500	1992
XEU-382	Subaru	Alcyone SVX	1995
QOG-441	Infiniti	M	2007
BHF-170	Volvo	850	1996
DMG-066	Mercedes-Benz	W123	1977
XGX-500	Pontiac	Grand Prix	1985
QVR-426	Saturn	Outlook	2008
GBT-495	Audi	5000S	1984
PNG-191	Mercedes-Benz	S-Class	1996
ASA-734	Mazda	626	1995
YDX-497	Ford	Escort	1985
BAY-185	Volkswagen	Jetta	2006
TIH-691	Honda	Insight	2002
ABI-192	GMC	Sierra 1500	2009
LGC-612	Suzuki	Samurai	1992
HFB-162	Ford	E-Series	2003
PSJ-843	Lexus	ES	2011
EDV-976	Chevrolet	Camaro	1995
WDH-980	Toyota	Avalon	1995
QRG-002	Nissan	Altima	2013
QXU-602	Mercury	Sable	1997
LVY-198	Mercury	Grand Marquis	1990
SIY-917	Toyota	Avalon	2011
DHZ-637	BMW	M3	2005
UMQ-357	Chrysler	Concorde	2003
OCY-932	Honda	Accord	1991
QQT-955	BMW	Z8	2000
SOT-093	Mitsubishi	Truck	1996
PLU-071	Subaru	SVX	1997
RSZ-474	Buick	LeSabre	1990
IWZ-745	Lotus	Exige	2004
DXW-155	Porsche	968	1992
LJX-477	Suzuki	XL-7	2001
TQF-607	Maybach	62	2012
YIS-200	Chevrolet	Caprice	1991
HFY-657	Mazda	626	1983
TGL-808	Ford	Econoline E250	1999
KIV-936	Ford	Explorer Sport Trac	2008
CFE-542	Lincoln	MKX	2007
BFA-052	Ford	F350	2012
IYV-812	Toyota	Prius	2001
NFQ-176	GMC	Safari	1994
JBO-739	Toyota	Previa	1991
QAU-574	Ford	Edge	2011
RQG-041	Buick	Park Avenue	1994
YLP-798	Toyota	Camry	1999
NLE-983	Mercedes-Benz	M-Class	2007
DDD-837	Audi	A8	1997
GKV-842	Panoz	Esperante	2007
ETB-071	Pontiac	Firebird	1995
KSC-719	Honda	S2000	2004
AIG-823	GMC	Canyon	2007
OZA-234	Bentley	Azure T	2010
MBM-912	Ford	LTD Crown Victoria	1985
NFM-716	GMC	Envoy XUV	2005
HDS-906	Mercury	Sable	2003
BEV-071	Jeep	Wrangler	2009
CLU-120	Jeep	Compass	2012
IZA-682	Pontiac	G5	2009
XOX-491	Toyota	Tacoma	2005
DFP-809	Ford	F250	2010
VTC-789	Buick	Skyhawk	1989
LWB-804	Audi	S5	2012
KUT-615	Mercury	Villager	1994
LYQ-734	Lamborghini	Diablo	1995
XDQ-993	Audi	100	1989
QMN-701	Oldsmobile	Aurora	2003
ZAT-303	Ford	Ranger	1996
ZRT-272	Jeep	Liberty	2007
QKT-285	Pontiac	Grand Prix	1976
TEJ-041	Dodge	Nitro	2011
QRG-454	Dodge	Caravan	2008
RCE-042	Honda	Civic	1980
VQT-971	Volvo	S60	2010
HZC-872	Acura	ZDX	2012
PRU-243	Dodge	Nitro	2008
JDR-974	Lexus	GS	1993
QDC-972	Jeep	Liberty	2005
FDT-603	Cadillac	SRX	2009
NBJ-132	Ford	Econoline E150	1995
RVT-964	Isuzu	Amigo	1998
UNF-294	Ford	Thunderbird	1988
DHF-106	Dodge	Dakota	2006
GDC-053	Mazda	MPV	2000
YPV-149	Jaguar	XJ	2007
AET-691	Toyota	MR2	2002
PPX-193	Jeep	Grand Cherokee	1995
FMQ-556	Ford	Escort	1988
UDS-262	Dodge	D150 Club	1992
QEM-175	Audi	A5	2009
YWF-973	Mercedes-Benz	190E	1993
ZTM-017	Chevrolet	Suburban	2007
KTY-565	Lincoln	Town Car	1999
SZV-164	Oldsmobile	Cutlass	1998
MMM-418	Toyota	Celica	2001
FXB-715	Buick	Riviera	1990
BZR-021	Ford	Focus	2004
BAK-768	Mitsubishi	Lancer	2010
MWL-476	Mercedes-Benz	300TE	1992
FSP-874	Acura	RDX	2008
CBO-428	Nissan	Armada	2009
NPO-464	Mazda	929	1988
VZG-955	Volkswagen	GTI	1987
FDJ-782	Mazda	MPV	2004
FRJ-297	Mazda	Tribute	2005
LKH-847	Volkswagen	Cabriolet	1995
OQN-349	GMC	Envoy	1998
IFK-845	Honda	Accord	1998
XPJ-298	Ford	E-350 Super Duty Van	2006
ATB-594	Audi	RS 4	2008
XQS-428	Ford	Econoline E350	1996
ZLZ-398	GMC	Envoy XL	2003
YJK-072	Buick	Park Avenue	1996
ETT-446	Toyota	T100 Xtra	1997
XDM-729	Suzuki	Reno	2005
IYQ-276	Ford	Mustang	2011
RBU-252	Jeep	Cherokee	2001
FOG-920	BMW	M3	2001
BEA-966	Mazda	Mazda3	2006
NWY-262	Mazda	626	1992
YXO-531	Chevrolet	Aveo	2007
IRT-252	GMC	Yukon	1998
YZW-713	Chrysler	Concorde	2004
ZAN-383	Cadillac	CTS-V	2010
VFI-158	Mitsubishi	Galant	1992
UFM-215	Ford	Freestyle	2006
FTH-331	Dodge	Ram 2500	2010
ILT-840	Land Rover	Discovery Series II	1999
UZZ-772	Chevrolet	Express 1500	2000
UHQ-102	Nissan	Cube	2012
MYM-784	Land Rover	Discovery	2007
AEJ-410	Ford	Ranger	1985
IUC-751	Pontiac	1000	1986
OCY-165	Jaguar	X-Type	2008
STJ-935	Chevrolet	Corvette	1975
DVW-977	Bentley	Continental	2008
SPT-614	Dodge	Stealth	1996
FHH-940	Alfa Romeo	164	1992
STP-529	Dodge	Daytona	1993
YAS-166	GMC	Canyon	2011
HHE-623	Honda	Accord	2004
RNH-900	Aston Martin	V8 Vantage	2007
ANF-791	Mitsubishi	Eclipse	1989
HEG-338	Subaru	SVX	1996
ZYG-750	Chevrolet	Express 3500	2007
BFK-484	GMC	Acadia	2010
CFV-122	Mercedes-Benz	C-Class	2003
LGA-930	Chevrolet	Aveo	2007
PUI-776	Subaru	Legacy	1997
GIS-392	Acura	MDX	2010
QAL-628	Ford	Flex	2010
IUR-110	Mercury	Sable	1987
RXX-243	Lexus	LS	2010
LRU-167	Suzuki	Aerio	2005
PWU-526	Mitsubishi	Mirage	1986
KVN-955	Maserati	Spyder	2005
UEH-392	Dodge	Dynasty	1992
EEN-436	Ford	Fiesta	2013
QWG-153	Ford	E250	2010
RJI-667	Pontiac	Sunfire	2003
TAH-117	BMW	645	2004
LRP-015	Lexus	LX	2011
EBC-308	Land Rover	Defender Ice Edition	2010
UFK-834	Cadillac	Fleetwood	1954
JBT-775	Ford	Mustang	2006
MMX-187	Lotus	Elan	1990
QYG-564	Ford	Galaxie	1964
IHN-940	BMW	Z8	2001
VDN-070	Oldsmobile	Bravada	1994
UMG-101	Lamborghini	Murciélago	2005
XIZ-944	Infiniti	I	1998
VQQ-272	Hummer	H2	2003
QRY-872	Volvo	940	1993
AHI-412	Honda	Passport	2001
EVF-190	Saab	9-3	2008
SVH-422	Chevrolet	Beretta	1995
ZZN-750	Honda	Insight	2002
ADL-571	Mitsubishi	Truck	1988
LYG-297	Mitsubishi	Endeavor	2007
VHF-673	Acura	NSX	1997
LVI-381	Chrysler	LeBaron	1995
ZNW-872	Acura	RDX	2012
KAS-749	Mitsubishi	Excel	1987
KZU-515	Mercedes-Benz	300SL	1993
ANI-491	Dodge	Spirit	1992
SAK-659	BMW	6 Series	2005
CIC-103	Dodge	Ram 1500 Club	1995
SSZ-773	Pontiac	Grand Prix	1986
XTW-633	Mitsubishi	Montero	1992
OCH-546	BMW	7 Series	1997
MCU-213	Acura	CL	2002
NBA-573	Mitsubishi	Outlander	2007
LVH-548	Suzuki	SJ	1989
YWW-956	Land Rover	Discovery Series II	2002
EIC-907	BMW	1 Series	2011
FEX-187	Ford	Th!nk	2002
NTR-161	Ford	Explorer	2012
THR-456	Dodge	Durango	2012
QEF-210	Chevrolet	Camaro	1975
YBG-585	Lincoln	Aviator	2005
RGR-218	Dodge	Neon	1997
FJM-259	Ford	F250	2007
ZGC-856	Chevrolet	Tahoe	1999
VEW-562	Pontiac	Trans Sport	1998
XBH-971	Chevrolet	Malibu	2009
RHC-007	Hyundai	Veracruz	2011
TLD-912	Toyota	Celica	2005
TLZ-532	Suzuki	Esteem	1999
VBX-498	Rambler	Classic	1963
JOY-504	Toyota	4Runner	2012
XWM-334	Chevrolet	Tahoe	2000
VLU-122	Suzuki	Verona	2005
AIH-654	Jeep	Comanche	1992
EZH-090	Dodge	Ram 3500 Club	1995
VTK-654	Buick	LaCrosse	2005
TQL-140	Subaru	Loyale	1994
MMS-598	Ford	Explorer	1999
NXG-680	Hyundai	Tiburon	2000
EQJ-701	Pontiac	LeMans	1966
UPK-500	Chevrolet	Camaro	1992
LFL-845	Nissan	Sentra	1999
SVG-486	Volkswagen	Touareg	2006
KPK-629	BMW	X5	2011
PSQ-389	Jaguar	XJ Series	1996
YWG-703	Pontiac	Firefly	1986
ZRM-504	Toyota	Avalon	2010
KCE-077	Chrysler	Town & Country	2003
KRI-184	Nissan	Maxima	2006
SLT-398	Chevrolet	Cobalt	2006
ORT-442	Audi	A8	1998
SWB-854	Acura	RSX	2003
OQI-352	Hyundai	Accent	1999
PFH-287	Mercedes-Benz	CLK-Class	1998
XUW-481	BMW	3 Series	1998
RWI-551	Chevrolet	Silverado 3500	2004
TXK-822	Plymouth	Grand Voyager	1998
SMQ-532	Dodge	Ram Van B150	1993
GLS-527	Toyota	4Runner	2006
XFN-432	Subaru	Forester	2001
EED-133	Acura	Integra	1996
SPC-090	Chevrolet	Aveo	2004
VAF-986	Volkswagen	Passat	1985
SJM-290	Infiniti	Q	1992
CPA-290	Mercedes-Benz	G-Class	2007
YUD-591	Pontiac	Grand Prix	1999
CYN-096	Ford	Freestar	2005
WXF-469	Jaguar	XJ Series	1993
ENH-151	Volvo	XC90	2007
PTN-961	Mercury	Grand Marquis	1992
GQJ-489	Dodge	Ram 2500	2005
HDE-457	Saab	9-5	2007
MVE-511	Chevrolet	Suburban 2500	1993
EGF-527	Subaru	Legacy	2009
DAE-860	Porsche	944	1985
HRI-159	Mitsubishi	i-MiEV	2012
GKV-919	Cadillac	Escalade ESV	2008
KEX-680	Saturn	Outlook	2008
UCP-911	Pontiac	Sunbird	1984
FAF-283	Pontiac	Firefly	1984
CAL-975	Oldsmobile	Aurora	1997
KDD-055	Ford	Focus	2003
GIT-878	Chrysler	PT Cruiser	2010
AAW-683	Isuzu	Rodeo	2002
BFC-248	Cadillac	Eldorado	1996
CNG-615	Acura	NSX	1992
BAU-577	Dodge	Caravan	2006
WMF-785	Land Rover	Freelander	2009
UCH-388	Toyota	Matrix	2007
MST-799	Mitsubishi	Sigma	1989
CRD-316	Buick	LaCrosse	2012
RFH-691	Ford	E250	2004
USA-161	Mercury	Capri	1994
OZO-665	Maserati	Spyder	1989
ZHU-722	Mercedes-Benz	SLK-Class	2006
COP-533	Nissan	Altima	1997
DIT-441	Lincoln	Town Car	1987
WRN-633	Nissan	Quest	2000
KYV-681	Buick	LaCrosse	2005
ODG-406	Mercury	Milan	2006
YVN-979	Saturn	Outlook	2010
UDE-095	Chevrolet	Silverado 3500	2007
SPE-467	Volkswagen	GTI	1998
KOB-741	Ford	E250	2007
HVL-307	Honda	Accord	2008
CPM-157	Jaguar	X-Type	2008
CYJ-113	Cadillac	DeVille	1999
XLO-771	Honda	Accord	2008
VTN-572	Acura	Integra	1993
RFV-339	Volkswagen	Golf	1997
YXO-270	Mercury	Cougar	1997
GSK-487	Volvo	V40	2000
TQR-831	GMC	Savana 1500	2010
SXI-081	Ford	Ranger	1995
SHU-283	Ford	Thunderbird	1985
SML-049	Mitsubishi	Galant	2004
IDD-519	Dodge	Ram 2500	1994
HOD-728	Dodge	Ram Van B250	1992
IRG-305	Chevrolet	Camaro	1993
NMJ-339	Audi	S6	2011
PRG-019	Volvo	S40	2007
GIA-692	Lamborghini	Diablo	1995
LQQ-159	Chevrolet	Suburban 2500	2001
KEH-243	Pontiac	Fiero	1984
WDX-476	Porsche	Boxster	1997
XVO-237	Toyota	Sequoia	2002
SRV-732	Mazda	Mazda6	2009
NVW-224	GMC	Sonoma Club Coupe	1998
OKF-814	Pontiac	Bonneville	1992
CHF-836	Pontiac	Grand Prix	1984
PRT-734	Honda	Civic	2012
BNJ-301	Subaru	Loyale	1994
HUI-993	Lexus	IS-F	2012
UTU-540	Jeep	Grand Cherokee	2003
BNL-179	Jaguar	XK	2007
IPE-581	Volkswagen	GTI	1986
SLM-326	BMW	5 Series	2008
WGQ-823	Volkswagen	Golf	1986
XIW-239	Ford	Explorer	2013
ONZ-982	Honda	Insight	2001
WMT-787	Honda	CR-V	2002
AUJ-560	Audi	80/90	1988
FXI-180	Lamborghini	Countach	1990
FDU-871	Nissan	240SX	1997
RWZ-231	BMW	Z4	2008
WLP-471	Dodge	Ram 2500	2008
JZP-612	GMC	Safari	2000
NRC-234	Infiniti	EX	2011
KXK-530	Subaru	Forester	2008
XYJ-790	Porsche	Cayenne	2003
EUR-896	Ford	Escape	2003
WGK-206	Volkswagen	GTI	2000
YJE-961	BMW	5 Series	1999
VWR-184	Mercedes-Benz	SL-Class	2011
XZS-350	Suzuki	SJ	1986
UVK-308	Ferrari	F430	2007
MCZ-588	Ford	Explorer Sport	2001
BRA-610	Ram	3500	2011
YBT-015	Chevrolet	Silverado	2008
DIY-919	Chevrolet	Express	2012
VNE-253	Mercury	Cougar	1993
NIM-707	Lexus	LS	1994
DVI-259	Dodge	Neon	1999
ROV-384	Volkswagen	GTI	2011
VVZ-107	Chevrolet	Corvette	1964
EIE-623	Mercedes-Benz	S-Class	1985
QUA-242	Ford	Fairlane	1967
YZA-043	Scion	tC	2007
QAL-170	Chevrolet	Lumina	2000
AET-721	GMC	Savana 2500	2011
LXL-060	GMC	Jimmy	1997
NKQ-548	Maserati	Spyder	2003
YPG-157	Chevrolet	Venture	2000
RBE-278	Chevrolet	Express 3500	1998
VZG-425	Buick	LeSabre	1996
GJN-294	GMC	Sonoma	1999
THV-515	Mercury	Mountaineer	2009
HHC-804	Dodge	Avenger	2012
DVU-125	GMC	Jimmy	1995
UNR-885	Dodge	Ram 3500	2001
GEY-416	Hyundai	Accent	2007
GFJ-928	Mercedes-Benz	CLK-Class	2003
RAO-882	Honda	Pilot	2005
LIO-755	Buick	Century	1998
TRC-100	Mitsubishi	Challenger	1998
GDZ-940	Audi	90	1993
DLA-995	Mitsubishi	Raider	2009
UHM-602	Chevrolet	Venture	1998
BEU-164	Lincoln	MKZ	2011
GUZ-555	Porsche	944	1988
FTP-307	Land Rover	Defender 90	1997
PIZ-563	Scion	xD	2008
LDP-763	Dodge	Ram 3500	2003
AIH-360	GMC	Yukon XL 2500	2011
GZQ-956	Dodge	Grand Caravan	2001
GSK-994	Lexus	LS	2002
JUL-496	Chrysler	Crossfire Roadster	2006
RYL-746	Bentley	Continental Flying Spur	2006
FEQ-426	Lincoln	MKS	2012
WQR-160	Mitsubishi	Cordia	1987
GAI-790	Acura	RDX	2009
YWA-030	Ford	Bronco	1993
CLN-039	GMC	Savana 2500	2009
HTV-084	Kia	Spectra	2002
URQ-678	Chevrolet	G-Series 1500	1997
HJF-137	Subaru	Impreza	2003
EHC-443	Acura	RL	1999
NOW-484	Ford	Explorer	2008
AOP-174	Chevrolet	Beretta	1992
CSA-925	Mercury	Montego	2007
UOH-760	Audi	Allroad	2003
UGB-369	Chevrolet	Classic	2004
NZS-502	Oldsmobile	Aurora	2001
XBW-028	Oldsmobile	Achieva	1994
TQJ-676	Mercedes-Benz	CL-Class	2008
INY-231	Land Rover	Discovery Series II	2000
ZWS-458	Acura	Vigor	1993
ABS-683	Chevrolet	Lumina	1997
SMG-187	Chevrolet	Silverado	2011
NUV-053	Dodge	Dakota	2011
KDK-093	Mercedes-Benz	SLK55 AMG	2009
OCP-290	Ford	Taurus	2000
SFO-288	Pontiac	Torrent	2006
VBN-427	Nissan	Xterra	2007
FGG-131	Jeep	Commander	2008
OAF-200	GMC	3500	1998
SJB-906	Mitsubishi	Precis	1986
DFE-868	Oldsmobile	Aurora	2001
ZZJ-497	Jaguar	XK	2011
QQL-227	Dodge	Charger	2010
LWJ-038	Volvo	C30	2013
UAY-822	Lexus	GS	1993
YYV-535	Toyota	RAV4	2006
RYF-489	Nissan	350Z Roadster	2006
MUF-459	Mercury	Sable	1994
PPD-476	Saturn	S-Series	1994
NJJ-713	Ford	F250	1992
NPV-219	Buick	Coachbuilder	1991
QLU-384	Ford	Explorer	2008
TWC-311	Lincoln	MKZ	2010
RKW-970	Suzuki	Grand Vitara	2012
ECV-935	GMC	Sierra 2500	2009
KQZ-278	Honda	Civic	2000
OWT-259	Bentley	Arnage	2007
SHL-140	Honda	Prelude	1993
THM-584	Oldsmobile	Toronado	1992
REX-987	Pontiac	Turbo Firefly	1988
WRR-510	Volkswagen	Fox	1989
HFR-552	Ford	Tempo	1989
ZXX-121	Lexus	GS	1993
JYD-326	Plymouth	Acclaim	1995
ZDC-469	Chevrolet	Sportvan G10	1993
AAA-932	Dodge	Ram Van 1500	1999
DSO-833	Pontiac	Sunbird	1983
IVR-028	Suzuki	SJ	1991
DXK-850	Suzuki	Cultus	1985
FVY-419	Porsche	Boxster	2006
PYS-655	Toyota	Sienna	1999
WRT-020	Chevrolet	Silverado 3500	2003
AMX-318	Mitsubishi	Starion	1985
YLU-423	Kia	Sephia	2001
WJW-980	Lotus	Elan	1991
ZWW-357	Dodge	Daytona	1993
EYZ-151	Volkswagen	CC	2013
USF-908	Eagle	Premier	1992
HXO-827	BMW	3 Series	2001
NEU-541	Nissan	Cube	2012
ZOG-698	Toyota	Sienna	1999
XXP-214	Mitsubishi	Mirage	1987
PDS-818	Infiniti	FX	2010
BNU-898	Bentley	Arnage	2009
CTD-115	Cadillac	Seville	2001
FWZ-953	Chevrolet	Tahoe	2003
ZGH-180	Mazda	Mazda3	2011
VMJ-307	Mazda	Miata MX-5	2000
UGL-177	Dodge	Ram 2500	2003
SYL-799	Mercedes-Benz	E-Class	1993
OVQ-399	Subaru	XT	1985
IFH-875	Mitsubishi	Endeavor	2005
DAX-114	Mercedes-Benz	400E	1993
THR-087	Mazda	Familia	1991
MQQ-868	Pontiac	Vibe	2009
QVQ-352	Ford	Ranger	1991
MDH-526	Pontiac	Trans Sport	1998
YUT-564	Chevrolet	Silverado 1500	2001
AQM-409	Subaru	Leone	1988
HMZ-112	Dodge	Durango	2000
GXR-995	Mitsubishi	Eclipse	2000
QCV-862	Acura	MDX	2009
KQS-057	Kia	Sportage	2010
RCM-100	Ford	Tempo	1994
SSH-556	Volvo	S60	2003
IYW-414	Infiniti	I	2003
FEL-758	Plymouth	Colt	1993
RTQ-009	Volkswagen	Scirocco	1984
UDB-660	Dodge	Caravan	1995
AUX-070	Audi	5000S	1984
EHT-281	Geo	Tracker	1995
MBM-352	Mazda	MX-5	1992
YVD-391	Hummer	H1	2003
FXT-508	Ford	F350	1992
UVS-878	Lincoln	MKX	2009
NZM-329	GMC	Rally Wagon G3500	1996
ZOZ-640	Mercury	Monterey	2007
PBI-438	Pontiac	Vibe	2003
IGV-861	Geo	Prizm	1993
PNI-345	Hyundai	Entourage	2008
GVF-363	Isuzu	i-280	2006
RGV-571	Plymouth	Acclaim	1993
BMR-968	Dodge	Ram 1500	1995
LVX-411	Porsche	Cayman	2007
GCL-580	Kia	Rio	2005
AYA-930	Toyota	Corolla	2003
VVF-856	Chevrolet	TrailBlazer	2006
IHV-279	Pontiac	Sunfire	1996
YSS-102	Acura	MDX	2010
OJF-901	BMW	7 Series	1999
FSP-946	MINI	Cooper	2012
AOI-039	Mitsubishi	Eclipse	2000
MZI-961	Chevrolet	Tahoe	2006
GTJ-821	Hyundai	Genesis Coupe	2010
EQD-418	Honda	Passport	1999
IGY-835	Toyota	Prius Plug-in Hybrid	2012
UEG-259	BMW	M3	2004
JWH-742	BMW	X5	2003
OUP-278	Ford	Explorer	2009
RZW-002	Nissan	Pathfinder	2000
EOW-129	Dodge	Ram Wagon B150	1993
RTI-846	Mazda	Mazda5	2008
FJJ-581	Dodge	Ram 3500	2010
BBF-378	Hyundai	Tiburon	2008
LET-375	Volkswagen	Touareg	2005
VWW-273	Mercury	Sable	1996
WVT-213	Volkswagen	Golf	1990
DRS-532	Mazda	MPV	2003
BOT-601	Ford	F450	2010
UEM-084	Volvo	XC70	2012
OFO-035	Chevrolet	Suburban 1500	1998
BAP-981	Ford	Fusion	2007
JFU-640	Mercedes-Benz	S-Class	1990
PSU-749	Volkswagen	Touareg 2	2009
LGV-865	Ford	Fusion	2006
LXV-705	Lincoln	Navigator	2008
JMP-375	Buick	LeSabre	2001
JVL-523	Chevrolet	G-Series G30	1993
DGD-526	Saturn	VUE	2010
ZNW-824	Ford	E-350 Super Duty	2006
SLY-837	Alfa Romeo	Spider	1992
THB-858	Ford	Mustang	1993
IGT-039	Acura	MDX	2007
BBG-412	Pontiac	Grand Prix	1988
PXH-976	Toyota	Solara	1999
KNT-189	Cadillac	Seville	2000
RBF-650	Honda	Odyssey	2000
REX-142	MINI	Cooper	2005
ZKG-752	Mitsubishi	Starion	1987
AMU-187	Buick	Rendezvous	2003
ITW-177	Ford	Taurus X	2008
CPP-154	Infiniti	FX	2011
BTT-166	Kia	Carens	2008
DIT-244	Mazda	626	1995
MES-094	Lexus	GS	2007
NIK-033	Dodge	Magnum	2006
BFQ-760	Toyota	Tacoma	1998
NJT-817	Mitsubishi	RVR	1994
HNB-615	Acura	Integra	1995
USQ-364	Mitsubishi	Eclipse	2000
SGP-690	Mercury	Capri	1991
OVY-419	Scion	xD	2010
PVX-463	Porsche	911	2008
RGE-148	Volvo	C70	2003
NQI-128	Dodge	Caravan	2009
BWD-256	GMC	Sierra	2011
WTF-948	Porsche	Boxster	2003
PXK-941	Kia	Sephia	1995
GSE-684	Dodge	Ram Van 1500	1997
ZYC-085	Dodge	Spirit	1992
EHY-224	Oldsmobile	Aurora	1995
NQV-377	GMC	Sierra 1500	2006
JLZ-962	Ford	Escape	2013
KOP-614	Mitsubishi	Galant	2005
KJC-526	Jaguar	S-Type	2006
YDF-244	Pontiac	Vibe	2009
LBP-140	Ford	E150	2004
IQT-681	Cadillac	CTS	2004
JEV-436	Eagle	Talon	1995
PNQ-409	Honda	FCX Clarity	2012
FYS-448	Chrysler	Cirrus	1999
OWK-168	Chevrolet	Silverado 1500	2009
RGA-492	Ford	Mustang	1984
ZVB-073	Acura	RL	2012
QJU-669	Porsche	Cayenne	2008
SOG-513	Mercedes-Benz	W201	1992
KOD-969	Buick	Coachbuilder	1991
IEI-749	Chevrolet	3500	1998
PFR-417	Ford	Freestar	2004
ZZP-441	Toyota	Camry	2008
TDV-931	Mazda	CX-7	2008
OWW-222	Volvo	S80	2000
ERU-209	Lexus	SC	2009
BJM-737	Mercedes-Benz	S-Class	1997
JOJ-212	Nissan	Sentra	1991
LOC-654	Acura	NSX	2005
ETF-129	Ford	Expedition	2000
GQO-444	Chevrolet	Astro	1995
YIV-822	Chevrolet	Suburban 1500	1997
ZVU-877	Eagle	Vision	1993
QQO-494	Porsche	Carrera GT	2005
AOQ-967	Mercedes-Benz	SL-Class	2001
LME-956	Suzuki	Grand Vitara	2012
EQR-804	Dodge	Spirit	1995
YDH-547	Chevrolet	2500	1995
RRW-610	Dodge	Caravan	2011
PKY-380	Ford	Contour	1998
BOW-146	Kia	Rondo	2010
QZE-727	BMW	6 Series	2005
KZH-910	BMW	Z3	2002
DMJ-301	Chevrolet	Express 2500	2003
VVH-086	Audi	A4	1999
MRS-763	Jeep	Wrangler	2002
NAW-371	Honda	CR-V	2009
WCZ-058	Audi	A6	1998
IYG-142	Lexus	LX	1998
BKJ-393	Chevrolet	Cavalier	2003
VYG-730	Chevrolet	Silverado	2008
ELU-428	Porsche	911	2011
LYV-029	Buick	Roadmaster	1995
HJN-235	Lexus	RX Hybrid	2006
NVH-904	Lexus	ES	2008
YPR-531	Ford	Bronco	1984
VBO-864	Ford	Mustang	1996
TPO-389	Volvo	C70	2001
AVN-096	Lincoln	MKT	2012
RDG-431	Ford	F250	2003
HPL-286	Dodge	Intrepid	1997
FPP-561	Mitsubishi	Chariot	1989
LJL-233	Acura	RL	2000
OKT-839	BMW	525	2001
RAV-273	Suzuki	Esteem	1996
LDQ-529	Land Rover	Freelander	2001
PGM-099	Ford	F350	2012
WHH-835	Toyota	Tacoma Xtra	1996
CYE-676	Rolls-Royce	Phantom	2005
YTU-308	Lotus	Elise	2005
CSG-888	Ford	F250	2003
TTT-171	Plymouth	Neon	2000
DYE-958	Porsche	Cayenne	2006
HXT-421	Volvo	V70	2010
HIE-616	Mitsubishi	Eclipse	1991
IEU-515	Mercury	Sable	1991
KEE-329	Mercury	Sable	1990
XZE-831	BMW	Z4	2005
SPB-962	Volkswagen	GTI	2005
ZHT-670	Dodge	Ram Van 3500	2003
GDQ-994	Lotus	Elise	2009
YZW-655	GMC	Suburban 1500	1995
VMZ-107	Volkswagen	Phaeton	2004
ORP-774	Ford	Courier	1989
OFA-908	Mercury	Marquis	1985
GYJ-664	Honda	Odyssey	2005
RCE-566	Audi	A4	2002
QFB-179	Nissan	Pathfinder	2001
LOE-247	Chevrolet	Express 2500	1997
QOX-349	Mitsubishi	Chariot	1991
TDF-371	Buick	Park Avenue	2003
MSU-490	GMC	Suburban 1500	1997
BVR-975	Mercury	Sable	1989
UKM-444	Oldsmobile	Bravada	2000
KLD-279	Land Rover	Discovery	2005
LPX-002	Plymouth	Fury	1964
NBX-146	Buick	Century	1987
QHS-716	Land Rover	Discovery	2005
YRR-637	Mercedes-Benz	CLS-Class	2009
BBA-013	Chevrolet	APV	1992
NYP-215	GMC	Vandura 2500	1993
NBL-386	Ford	LTD Crown Victoria	1993
WAD-391	Volvo	C70	1998
LUZ-729	Mitsubishi	Mirage	1998
YEH-586	Mitsubishi	Truck	1987
NFV-888	Chevrolet	Suburban 2500	1996
RWP-064	Porsche	914	1970
EBR-044	Toyota	RAV4	1999
FLA-603	Ford	E250	2011
LJC-716	Chevrolet	Cruze	2013
PDD-611	Ford	Escape	2001
AEW-456	Ford	Aerostar	1992
OFZ-796	Honda	Civic	1995
SIJ-613	Lexus	IS	2005
QKC-132	Chevrolet	Silverado 1500	2006
ZDB-381	Mercedes-Benz	SLK-Class	1999
VQK-816	Ford	Bronco	1985
SKS-482	Porsche	Boxster	1998
VXE-148	Acura	MDX	2005
GNZ-040	Dodge	Dakota	2009
OMK-797	Nissan	Armada	2010
LLA-413	Porsche	Boxster	2007
CLH-236	Ferrari	612 Scaglietti	2006
FKZ-769	Ford	F-Series Super Duty	2011
PKD-417	Dodge	Grand Caravan	2003
MVP-344	Kia	Sportage	2006
BBU-815	Ram	3500	2012
KKD-186	Audi	S8	2002
NMC-263	Jaguar	XF	2011
XQR-183	Dodge	Stealth	1993
YAX-042	Buick	Skylark	1986
ZGS-690	Porsche	Cayenne	2006
WZQ-320	Ford	GT500	2008
ZGJ-571	Suzuki	Grand Vitara	2004
PXP-313	Pontiac	Sunfire	2000
CPO-618	Buick	Century	1990
YIJ-469	Hyundai	Veloster	2013
ZFO-974	Lincoln	Mark VII	1992
TCV-450	Jaguar	XJ Series	1992
SXB-930	Chevrolet	Colorado	2006
BLP-180	Chevrolet	Astro	1997
CYK-460	Toyota	Solara	2007
OFT-665	Toyota	Camry Hybrid	2008
YGB-911	Lincoln	Aviator	2003
RBK-419	Cadillac	Escalade ESV	2012
DUS-737	Honda	S2000	2006
NEL-140	Saab	9-7X	2005
IHG-696	Mazda	MX-5	2005
AUD-914	Mazda	Mazda6	2008
DQU-902	Audi	A6	1997
BVV-628	Daihatsu	Charade	1992
WLZ-986	Toyota	Echo	2002
